"sex","age","method","kl","se_design","se_iid","cluster_effect","base95_weighted","base95_design","ratio_weighted","ratio_design"
"Men","20-39","raw self-report",0.0105172376307582,0.00472484459152681,0.00469170458504274,1.01417695791922,0.00859483937807758,0.00871668805426307,1.22366889805805,1.20656349811836
"Men","20-39","NHANES-III ranks, exponential",0.00555474821167321,0.00310881418484491,0.00342812608754756,0.82238646809683,0.00740868915970981,0.00609280571128102,0.749761272463857,0.911689700098005
"Men","20-39","own ranks, clamp",0.0291065613059951,0.0154002294142042,0.0134279735771765,1.31532606085878,0.00635106206929236,0.00835371745387193,4.58294392157282,3.48426451657211
"Men","20-39","own ranks, linear extrapolate",0.00364922851686381,0.00191609418466301,0.00242522869326913,0.62420653339811,0.00786389856747623,0.0049086968637987,0.464048268877273,0.74342103782709
"Men","20-39","own ranks, exponential",0.00363696314913395,0.00191771330539194,0.00242036055537171,0.627779644379202,0.00798388901374098,0.00501212300580933,0.455537789024172,0.725633258584935
"Men","40-59","raw self-report",0.0197978370410581,0.00647944346365419,0.00694443322353652,0.870566191384589,0.00968922005584709,0.00843510740150598,2.04328490084306,2.34707586977771
"Men","40-59","NHANES-III ranks, exponential",0.00902690048024399,0.00432151429205457,0.0044318259874771,0.950837951425876,0.0105601167504084,0.0100409597777764,0.854810670525481,0.899007732330844
"Men","40-59","own ranks, clamp",0.0417039128778168,0.0262763586557772,0.0224523438401465,1.36964177309259,0.00758617811847067,0.0103903464491784,5.49735482433202,4.01371725974687
"Men","40-59","own ranks, linear extrapolate",0.00536397580713647,0.00329796649531687,0.00345984407163883,0.908614003031553,0.0102774061550875,0.00933819514735517,0.521919220296768,0.574412477196484
"Men","40-59","own ranks, exponential",0.00513991949493917,0.0031431924133469,0.00333742638801634,0.886989633630639,0.0101231042921099,0.00897908856726332,0.507741434506933,0.572432208061596
"Men","60+","raw self-report",0.0399908462790689,0.00964011156889751,0.00743098406433521,1.68295095742057,0.0089395927749026,0.0150448962194723,4.47345279433096,2.65810050768642
"Men","60+","NHANES-III ranks, exponential",0.00833915654865658,0.00363464877381774,0.00324269413668101,1.25635660618878,0.00989345216304464,0.0124297039830538,0.842896535125134,0.670905482546155
"Men","60+","own ranks, clamp",0.0059442670656224,0.00329001661536619,0.00406121122760146,0.656273738990654,0.00596729095706808,0.00391617634804019,0.996141650941553,1.51787522760489
"Men","60+","own ranks, linear extrapolate",0.00390639078405499,0.00166706692100937,0.00209169406995286,0.635198900631849,0.00935409472764602,0.00594171068740692,0.41761291688758,0.657452203510065
"Men","60+","own ranks, exponential",0.00394293076019909,0.00167437144879147,0.00209156169004385,0.640858667860328,0.00924168082608129,0.00592261126299279,0.426646498012742,0.665741948122838
"Women","20-39","raw self-report",0.0392904826203379,0.0095859243531532,0.00705465832332677,1.84635848212757,0.00694056261348166,0.0128147666521393,5.66099390041065,3.06603184333275
"Women","20-39","NHANES-III ranks, exponential",0.0108784921931263,0.00461008987296739,0.0034707093251019,1.76434007454947,0.00651591979606911,0.0114962984187549,1.66952518348815,0.94626042199629
"Women","20-39","own ranks, clamp",0.0110866062581217,0.00526476939765578,0.0050287219445278,1.09608304925159,0.00471114641601995,0.00516380772914186,2.35327142888669,2.14698277698347
"Women","20-39","own ranks, linear extrapolate",0.00329125312306879,0.00161853182165678,0.00163136894446634,0.984324066406838,0.0065493714139245,0.00644670390256286,0.502529619265646,0.510532695903772
"Women","20-39","own ranks, exponential",0.00312759027212718,0.00159523025296636,0.00161414695566437,0.976698704913309,0.00641358487231455,0.0062641400386412,0.487650874572194,0.499284858389853
"Women","40-59","raw self-report",0.0605031624678159,0.0130258531434215,0.00999235573871594,1.69932552580873,0.00733112119122389,0.0124579613730441,8.25292078655641,4.8565861344481
"Women","40-59","NHANES-III ranks, exponential",0.0241040222047154,0.00834541924053717,0.00644301673008415,1.67771350118608,0.00696031397227277,0.0116774127237762,3.46306535893877,2.06415776978042
"Women","40-59","own ranks, clamp",0.0256662377926703,0.0205550907765165,0.0198943449632816,1.06752857716037,0.00529758279466021,0.00565532102317286,4.84489601909404,4.53842278581572
"Women","40-59","own ranks, linear extrapolate",0.00359837893562223,0.00308280795124525,0.00267438822139364,1.32875233036614,0.00699574831930872,0.00929561688193646,0.514366551136563,0.387104909908101
"Women","40-59","own ranks, exponential",0.00359536075083404,0.00308785786668073,0.00267808503254072,1.32943123632342,0.00699427567698112,0.00929840856043583,0.514043328699031,0.386664097137233
"Women","60+","raw self-report",0.0465186670193041,0.00895153536050429,0.00845573717132572,1.12070707169756,0.00676697222675722,0.00758379362850782,6.87436943148149,6.1339573962612
"Women","60+","NHANES-III ranks, exponential",0.00673891236751185,0.00310464890246327,0.00254996731812798,1.48236707163257,0.00588707425410398,0.0087268050225396,1.14469634263812,0.772208425661691
"Women","60+","own ranks, clamp",0.0154859261124374,0.00599372765547302,0.00667828426753194,0.805497521438446,0.00542268027583631,0.0043679555217393,2.85576971621273,3.54534885608702
"Women","60+","own ranks, linear extrapolate",0.00418784943474691,0.0015998576844112,0.00196519479023757,0.66275268368314,0.00651203605326795,0.0043158693705447,0.643093711473743,0.970337393278974
"Women","60+","own ranks, exponential",0.00425017854591668,0.00160624521217275,0.00196733848411462,0.666600319247728,0.00651954960051511,0.00434593384505477,0.651912909072871,0.977966691958036
