"B","sex","age","kl_A","kl_B","diff","se","z","diff_js","z_js"
"own ranks, clamp","Men","20-39",0.00363696314913395,0.0290995015986998,-0.0254625384495659,0.0149967162312523,-1.69787425839954,-0.00162272838465245,-2.25666055161777
"own ranks, clamp","Men","40-59",0.00513991949493917,0.0417217466280794,-0.0365818271331402,0.0241809442148346,-1.51283700124075,-0.00133046995402847,-1.35198659144886
"own ranks, clamp","Men","60+",0.00394293076019909,0.00595118397363576,-0.00200825321343667,0.00368555444714846,-0.544898533513857,0.000100450216914427,0.14968628245222
"own ranks, clamp","Women","20-39",0.00312759027212777,0.0110865657539811,-0.00795897548185334,0.00548284020237444,-1.45161543799992,-0.000247525510367846,-0.678906122024583
"own ranks, clamp","Women","40-59",0.00359536075083412,0.0257182528226454,-0.0221228920718113,0.0182926611441759,-1.20938620671137,-0.00121068024542535,-1.63354926731024
"own ranks, clamp","Women","60+",0.00425017854591668,0.0154904340012107,-0.0112402554552941,0.00569446856562435,-1.97389015774849,-0.000629252423344083,-1.2427511575125
"NHANES-III ranks, exponential","Men","20-39",0.00363696314913395,0.00555435848197951,-0.00191739533284557,0.00253244328226215,-0.757132586650793,-0.000398168724284686,-0.725531929271772
"NHANES-III ranks, exponential","Men","40-59",0.00513991949493917,0.00902556014134952,-0.00388564064641035,0.00249727841290724,-1.55595012006965,-0.000896560320957337,-1.52191202480163
"NHANES-III ranks, exponential","Men","60+",0.00394293076019909,0.00833922252581885,-0.00439629176561976,0.0033381530164551,-1.31698329703542,-0.00106355440059211,-1.2706439322964
"NHANES-III ranks, exponential","Women","20-39",0.00312759027212777,0.0108784921931261,-0.00775090192099836,0.00407636966250347,-1.90142272726027,-0.00188895945113134,-1.9221846006819
"NHANES-III ranks, exponential","Women","40-59",0.00359536075083412,0.0241040222047153,-0.0205086614538812,0.00697076890445701,-2.94209458597434,-0.00484827609152551,-2.9534993407639
"NHANES-III ranks, exponential","Women","60+",0.00425017854591668,0.00673891236751185,-0.00248873382159517,0.00297200906495636,-0.837391060121718,-0.00053237591022342,-0.761443206481422
"raw self-report","Men","20-39",0.0036358918888996,0.0105172376307582,-0.00688134574185856,0.00433682662373759,-1.58672373578265,-0.0014542394441537,-1.58776673761599
"raw self-report","Men","40-59",0.00513689742414929,0.0197978370410581,-0.0146609396169088,0.00523633354995735,-2.79984830550533,-0.0031892960391427,-2.67519292864991
"raw self-report","Men","60+",0.00394107862480231,0.0399908462790689,-0.0360497676542666,0.00951193223267347,-3.78995211198369,-0.00866957495265522,-3.81471465920049
"raw self-report","Women","20-39",0.00312656998545097,0.0392904826203384,-0.0361639126348875,0.00915352210239724,-3.9508193928342,-0.00835038380003777,-4.0015190247515
"raw self-report","Women","40-59",0.00359452498078538,0.0605031624678146,-0.0569086374870292,0.0118413380017726,-4.8059296574855,-0.0132503865236235,-4.92985170718344
"raw self-report","Women","60+",0.0042487737548417,0.0465186670193041,-0.0422698932644624,0.00909186884299792,-4.64919743062686,-0.0102002587504544,-4.86612585524468
"own ranks, linear extrapolate","Men","20-39",0.00363696314913395,0.00364922851686381,-1.22653677298605e-05,6.85498375841696e-05,-0.178926284322706,4.05295571985487e-07,0.0288646331418948
"own ranks, linear extrapolate","Men","40-59",0.00513991949493917,0.00536344786877213,-0.000223528373832957,0.000232643563232268,-0.960819077593778,-3.21664295735093e-05,-0.875315285734972
"own ranks, linear extrapolate","Men","60+",0.00394293076019909,0.00390663180229681,3.62989579022737e-05,5.30546652241048e-05,0.684180321352431,1.2018135953869e-05,0.870714083265434
"own ranks, linear extrapolate","Women","20-39",0.00312759027212777,0.00329125312306883,-0.000163662850941061,3.7433004270045e-05,-4.37215377532571,-4.69226387703066e-05,-4.46802730703923
"own ranks, linear extrapolate","Women","40-59",0.00359536075083412,0.0035983789356222,-3.01818478808591e-06,1.17253518626175e-05,-0.257406756185153,-1.58162936328855e-06,-0.527806960006306
"own ranks, linear extrapolate","Women","60+",0.00425017854591668,0.00418784943474691,6.23291111697677e-05,3.61444482644555e-05,1.72444494694534,1.77571782212199e-05,1.73767949244332
